{
  "ingredientes": {
    "paes": [
      {
        "id": 1,
        "tipo": "Italiano Branco"
      },
      {
        "id": 2,
        "tipo": "3 Queijos"
      },
      {
        "id": 3,
        "tipo": "Parmesão e Orégano"
      },
      {
        "id": 4,
        "tipo": "Integral"
      },
      {
        "id": 5,
        "tipo": "Pão Mexicano"
      }
    ],
    "carnes": [
      {
        "id": 1,
        "tipo": "Maminha"
      },
      {
        "id": 2,
        "tipo": "Alcatra"
      },
      {
        "id": 3,
        "tipo": "Picanha"
      },
      {
        "id": 4,
        "tipo": "Veggie burger"
      }
    ],
    "opcionais": [
      {
        "id": 1,
        "tipo": "Bacon"
      },
      {
        "id": 2,
        "tipo": "Cheddar"
      },
      {
        "id": 3,
        "tipo": "Salame"
      },
      {
        "id": 4,
        "tipo": "Tomate"
      },
      {
        "id": 4,
        "tipo": "Cebola roxa"
      },
      {
        "id": 4,
        "tipo": "Pepino"
      }
    ]
  },
  "status": [
    {
      "id": 1,
      "tipo": "Solicitado"
    },
    {
      "id": 2,
      "tipo": "Em produção"
    },
    {
      "id": 3,
      "tipo": "Finalizado"
    }
  ],
  "burgers": [
    {
      "nome": "João Coelho",
      "carne": "Maminha",
      "pao": "3 Queijos",
      "opcionais": [
        "Salame",
        "Cebola roxa"
      ],
      "status": "Em produção",
      "id": 4
    },
    {
      "nome": "zeca",
      "carne": "Picanha",
      "pao": "Parmesão e Orégano",
      "opcionais": [
        "Pepino",
        "Tomate"
      ],
      "status": "Solicitado",
      "id": 6
    },
    {
      "nome": "Victor Peixoto de Moraes",
      "carne": "Maminha",
      "pao": "3 Queijos",
      "opcionais": [
        "Cebola roxa",
        "Salame"
      ],
      "status": "Solicitado",
      "id": 7
    },
    {
      "nome": "Peixoto",
      "carne": "Veggie burger",
      "pao": "Italiano Branco",
      "opcionais": [
        "Pepino",
        "Tomate",
        "Cheddar",
        "Bacon",
        "Salame",
        "Cebola roxa"
      ],
      "status": "Em produção",
      "id": 8
    },
    {
      "nome": "Zico",
      "carne": "Alcatra",
      "pao": "Parmesão e Orégano",
      "opcionais": [
        "Salame",
        "Cheddar",
        "Tomate",
        "Pepino"
      ],
      "status": "Em produção",
      "id": 9
    },
    {
      "nome": "Matheus Battisti",
      "carne": "Picanha",
      "pao": "3 Queijos",
      "opcionais": [
        "Cebola roxa",
        "Cheddar",
        "Tomate"
      ],
      "status": "Solicitado",
      "id": 12
    },
    {
      "nome": "Garoto Boliche Peidorressimo da Silva :D",
      "carne": "Maminha",
      "pao": "Pão Mexicano",
      "opcionais": [
        "Cheddar",
        "Bacon"
      ],
      "status": "Solicitado",
      "id": 13
    }
  ]
}